batch_id,intake_id,litres_used
PB-0901-YOG,INT-0901-CC01,751.5
PB-0901-CHE,INT-0901-CC02,972.5
PB-0901-YOG,INT-0901-CC03,1271.5
PB-0901-CHE,INT-0901-CC04,1430.9
PB-0901-ICE,INT-0901-CC05,1199.4
PB-0901-BAK,INT-0901-CC06,1333.2
PB-0901-YOG,INT-0901-CC07,1049.1
PB-0901-CHE,INT-0901-CC08,1464.5
PB-0902-CHE,INT-0902-CC01,1531.8
PB-0902-CHE,INT-0902-CC02,1216.9
PB-0902-YOG,INT-0902-CC03,1352.5
PB-0902-YOG,INT-0902-CC04,933.2
PB-0902-BAK,INT-0902-CC05,1680.3
PB-0902-YOG,INT-0902-CC06,1539.5
PB-0902-CHE,INT-0902-CC07,1436.2
PB-0902-BAK,INT-0902-CC08,1043.5
PB-0903-ICE,INT-0903-CC01,1302.7
PB-0903-YOG,INT-0903-CC02,777.7
PB-0903-YOG,INT-0903-CC03,1332.4
PB-0903-CHE,INT-0903-CC04,1317.1
PB-0903-YOG,INT-0903-CC05,1398.5
PB-0903-CHE,INT-0903-CC06,1276.6
PB-0903-BAK,INT-0903-CC07,898.4
PB-0903-BAK,INT-0903-CC08,1241.9
PB-0904-ICE,INT-0904-CC01,1439.1
PB-0904-BAK,INT-0904-CC02,1516.2
PB-0904-CHE,INT-0904-CC03,1304.5
PB-0904-CHE,INT-0904-CC04,1494.9
PB-0904-YOG,INT-0904-CC05,819.2
PB-0904-CHE,INT-0904-CC06,733.5
PB-0904-ICE,INT-0904-CC07,1030.6
PB-0904-ICE,INT-0904-CC08,1301.8
PB-0905-BAK,INT-0905-CC01,1596.7
PB-0905-YOG,INT-0905-CC02,1202.5
PB-0905-CHE,INT-0905-CC03,1498.8
PB-0905-CHE,INT-0905-CC04,1673.1
PB-0905-CHE,INT-0905-CC05,1597.4
PB-0905-ICE,INT-0905-CC06,1616.4
PB-0905-CHE,INT-0905-CC07,1197.6
PB-0905-CHE,INT-0905-CC08,1201.7
PB-0906-YOG,INT-0906-CC01,1367.1
PB-0906-CHE,INT-0906-CC02,1407.9
PB-0906-BAK,INT-0906-CC03,1042.4
PB-0906-CHE,INT-0906-CC04,1004.4
PB-0906-ICE,INT-0906-CC05,1477.6
PB-0906-YOG,INT-0906-CC06,841.6
PB-0906-ICE,INT-0906-CC07,898.8
PB-0906-ICE,INT-0906-CC08,1515.3
PB-0907-YOG,INT-0907-CC01,1386.9
PB-0907-YOG,INT-0907-CC02,1188.8
PB-0907-YOG,INT-0907-CC03,1203.1
PB-0907-CHE,INT-0907-CC04,1237.7
PB-0907-YOG,INT-0907-CC05,983.8
PB-0907-ICE,INT-0907-CC06,811.2
PB-0907-CHE,INT-0907-CC07,1703.3
PB-0907-CHE,INT-0907-CC08,977.9
PB-0908-YOG,INT-0908-CC01,1746.8
PB-0908-CHE,INT-0908-CC02,1028.5
PB-0908-CHE,INT-0908-CC03,841.5
PB-0908-CHE,INT-0908-CC04,1109.2
PB-0908-CHE,INT-0908-CC05,985.3
PB-0908-YOG,INT-0908-CC06,830.2
PB-0908-YOG,INT-0908-CC07,1351.1
PB-0908-CHE,INT-0908-CC08,1043.2
PB-0909-ICE,INT-0909-CC01,1306.0
PB-0909-CHE,INT-0909-CC02,910.6
PB-0909-YOG,INT-0909-CC03,1387.5
PB-0909-YOG,INT-0909-CC04,1253.3
PB-0909-YOG,INT-0909-CC05,802.8
PB-0909-YOG,INT-0909-CC06,911.1
PB-0909-YOG,INT-0909-CC07,1512.6
PB-0909-YOG,INT-0909-CC08,1227.4
PB-0910-YOG,INT-0910-CC01,1446.6
PB-0910-CHE,INT-0910-CC02,1238.0
PB-0910-CHE,INT-0910-CC03,1269.9
PB-0910-YOG,INT-0910-CC04,1028.4
PB-0910-CHE,INT-0910-CC05,1085.5
PB-0910-YOG,INT-0910-CC06,828.5
PB-0910-ICE,INT-0910-CC07,1412.4
PB-0910-BAK,INT-0910-CC08,1108.5
PB-0911-CHE,INT-0911-CC01,1318.2
PB-0911-CHE,INT-0911-CC02,832.4
PB-0911-CHE,INT-0911-CC04,1452.0
PB-0911-BAK,INT-0911-CC05,1349.4
PB-0911-CHE,INT-0911-CC07,1067.1
PB-0911-CHE,INT-0911-CC08,1393.9
PB-0912-YOG,INT-0912-CC01,1343.0
PB-0912-YOG,INT-0912-CC02,1165.4
PB-0912-YOG,INT-0912-CC03,668.9
PB-0912-ICE,INT-0912-CC04,1161.8
PB-0912-CHE,INT-0912-CC05,1007.9
PB-0912-YOG,INT-0912-CC06,965.0
PB-0912-ICE,INT-0912-CC07,1026.4
PB-0912-ICE,INT-0912-CC08,1130.0
PB-0913-ICE,INT-0913-CC01,721.2
PB-0913-CHE,INT-0913-CC02,846.6
PB-0913-YOG,INT-0913-CC03,907.4
PB-0913-YOG,INT-0913-CC04,1537.2
PB-0913-ICE,INT-0913-CC05,1060.4
PB-0913-CHE,INT-0913-CC06,1768.6
PB-0913-YOG,INT-0913-CC07,1240.3
PB-0913-YOG,INT-0913-CC08,1064.6
PB-0914-YOG,INT-0914-CC01,1572.2
PB-0914-CHE,INT-0914-CC02,899.4
PB-0914-BAK,INT-0914-CC03,1033.4
PB-0914-CHE,INT-0914-CC04,973.7
PB-0914-ICE,INT-0914-CC05,1141.1
PB-0914-YOG,INT-0914-CC06,1120.4
PB-0914-ICE,INT-0914-CC07,634.3
PB-0914-YOG,INT-0914-CC08,1246.0
PB-0915-BAK,INT-0915-CC01,1339.4
PB-0915-YOG,INT-0915-CC02,951.3
PB-0915-CHE,INT-0915-CC03,974.1
PB-0915-YOG,INT-0915-CC04,788.0
PB-0915-YOG,INT-0915-CC05,1361.4
PB-0915-YOG,INT-0915-CC07,897.2
PB-0915-CHE,INT-0915-CC08,880.4
PB-0916-CHE,INT-0916-CC01,1068.5
PB-0916-CHE,INT-0916-CC02,1229.2
PB-0916-YOG,INT-0916-CC03,1194.0
PB-0916-YOG,INT-0916-CC04,1422.5
PB-0916-CHE,INT-0916-CC05,1121.5
PB-0916-CHE,INT-0916-CC06,801.4
PB-0916-CHE,INT-0916-CC08,1081.2
PB-0917-ICE,INT-0917-CC01,1026.9
PB-0917-CHE,INT-0917-CC02,1337.4
PB-0917-ICE,INT-0917-CC03,1229.2
PB-0917-ICE,INT-0917-CC04,1580.7
PB-0917-YOG,INT-0917-CC05,808.6
PB-0917-ICE,INT-0917-CC06,1172.7
PB-0917-CHE,INT-0917-CC07,753.4
PB-0917-CHE,INT-0917-CC08,1309.6
PB-0918-CHE,INT-0918-CC01,969.5
PB-0918-ICE,INT-0918-CC02,863.5
PB-0918-ICE,INT-0918-CC03,1265.1
PB-0918-CHE,INT-0918-CC04,1608.8
PB-0918-YOG,INT-0918-CC05,1381.9
PB-0918-CHE,INT-0918-CC06,814.0
PB-0918-BAK,INT-0918-CC07,1372.0
PB-0918-YOG,INT-0918-CC08,1153.7
PB-0919-YOG,INT-0919-CC01,1444.6
PB-0919-YOG,INT-0919-CC02,973.5
PB-0919-ICE,INT-0919-CC03,1142.3
PB-0919-YOG,INT-0919-CC04,1500.5
PB-0919-YOG,INT-0919-CC05,1079.3
PB-0919-YOG,INT-0919-CC06,1160.5
PB-0919-YOG,INT-0919-CC07,1184.1
PB-0919-YOG,INT-0919-CC08,1025.1
PB-0920-CHE,INT-0920-CC01,1195.5
PB-0920-CHE,INT-0920-CC02,1008.4
PB-0920-CHE,INT-0920-CC03,822.2
PB-0920-ICE,INT-0920-CC04,745.9
PB-0920-ICE,INT-0920-CC06,1356.8
PB-0920-CHE,INT-0920-CC07,1430.7
PB-0920-YOG,INT-0920-CC08,998.5
PB-0921-YOG,INT-0921-CC01,860.3
PB-0921-CHE,INT-0921-CC02,1678.0
PB-0921-YOG,INT-0921-CC03,1194.8
PB-0921-ICE,INT-0921-CC04,1231.6
PB-0921-YOG,INT-0921-CC05,1240.5
PB-0921-CHE,INT-0921-CC06,1594.1
PB-0921-CHE,INT-0921-CC07,1474.5
PB-0921-BAK,INT-0921-CC08,942.7
PB-0922-YOG,INT-0922-CC01,1271.9
PB-0922-CHE,INT-0922-CC02,786.0
PB-0922-YOG,INT-0922-CC03,1557.0
PB-0922-ICE,INT-0922-CC04,1486.2
PB-0922-YOG,INT-0922-CC05,1364.8
PB-0922-YOG,INT-0922-CC06,907.7
PB-0922-YOG,INT-0922-CC07,1357.9
PB-0922-BAK,INT-0922-CC08,1093.3
PB-0923-YOG,INT-0923-CC01,1428.8
PB-0923-CHE,INT-0923-CC02,1303.6
PB-0923-YOG,INT-0923-CC03,1219.4
PB-0923-ICE,INT-0923-CC04,1424.6
PB-0923-ICE,INT-0923-CC05,1265.0
PB-0923-YOG,INT-0923-CC06,1183.1
PB-0923-CHE,INT-0923-CC07,1231.9
PB-0924-CHE,INT-0924-CC01,1035.3
PB-0924-ICE,INT-0924-CC02,1011.5
PB-0924-ICE,INT-0924-CC04,923.5
PB-0924-CHE,INT-0924-CC05,1026.5
PB-0924-YOG,INT-0924-CC06,1319.3
PB-0924-CHE,INT-0924-CC07,1300.4
PB-0924-CHE,INT-0924-CC08,922.8
PB-0925-CHE,INT-0925-CC01,1141.5
PB-0925-CHE,INT-0925-CC02,1198.2
PB-0925-ICE,INT-0925-CC03,1025.3
PB-0925-CHE,INT-0925-CC04,1057.7
PB-0925-ICE,INT-0925-CC05,1304.4
PB-0925-CHE,INT-0925-CC06,1608.9
PB-0925-BAK,INT-0925-CC07,1057.5
PB-0925-CHE,INT-0925-CC08,1456.0
PB-0926-BAK,INT-0926-CC01,1252.3
PB-0926-CHE,INT-0926-CC02,852.8
PB-0926-CHE,INT-0926-CC03,1531.5
PB-0926-ICE,INT-0926-CC04,1195.7
PB-0926-YOG,INT-0926-CC05,1109.7
PB-0926-CHE,INT-0926-CC06,1054.1
PB-0926-ICE,INT-0926-CC07,860.3
PB-0926-ICE,INT-0926-CC08,1324.1
PB-0927-BAK,INT-0927-CC01,808.5
PB-0927-CHE,INT-0927-CC02,1112.1
PB-0927-ICE,INT-0927-CC03,963.6
PB-0927-ICE,INT-0927-CC04,1504.8
PB-0927-CHE,INT-0927-CC05,859.6
PB-0927-YOG,INT-0927-CC06,1223.8
PB-0927-CHE,INT-0927-CC07,1632.6
PB-0927-YOG,INT-0927-CC08,1230.3
PB-0928-YOG,INT-0928-CC01,996.7
PB-0928-CHE,INT-0928-CC02,1141.5
PB-0928-YOG,INT-0928-CC03,792.2
PB-0928-BAK,INT-0928-CC04,1281.3
PB-0928-YOG,INT-0928-CC05,1382.8
PB-0928-YOG,INT-0928-CC06,1457.8
PB-0928-YOG,INT-0928-CC07,998.2
PB-0928-CHE,INT-0928-CC08,783.6
PB-0929-CHE,INT-0929-CC01,1154.3
PB-0929-YOG,INT-0929-CC02,960.4
PB-0929-YOG,INT-0929-CC03,1180.5
PB-0929-ICE,INT-0929-CC04,1120.2
PB-0929-ICE,INT-0929-CC05,1267.4
PB-0929-ICE,INT-0929-CC06,1316.3
PB-0929-CHE,INT-0929-CC07,918.9
PB-0929-YOG,INT-0929-CC08,976.8
PB-0930-CHE,INT-0930-CC01,1122.3
PB-0930-ICE,INT-0930-CC02,1386.7
PB-0930-YOG,INT-0930-CC03,973.3
PB-0930-YOG,INT-0930-CC04,1379.7
PB-0930-ICE,INT-0930-CC05,1028.8
PB-0930-ICE,INT-0930-CC06,1730.6
PB-0930-CHE,INT-0930-CC07,1218.5
PB-0930-ICE,INT-0930-CC08,1017.8
