dispatch_id,batch_id,dispatch_date,destination,qty_kg
DSP-0901-CHE-0,PB-0901-CHE,2026-09-02,Nairobi DC,176.4
DSP-0901-YOG-0,PB-0901-YOG,2026-09-03,Eldoret DC,1649.9
DSP-0901-YOG-1,PB-0901-YOG,2026-09-02,Mombasa DC,374.0
DSP-0901-YOG-2,PB-0901-YOG,2026-09-03,Nairobi DC,783.8
DSP-0901-ICE-0,PB-0901-ICE,2026-09-04,Mombasa DC,366.0
DSP-0901-BAK-0,PB-0901-BAK,2026-09-04,Mombasa DC,225.5
DSP-0901-BAK-1,PB-0901-BAK,2026-09-03,Mombasa DC,52.8
DSP-0901-BAK-2,PB-0901-BAK,2026-09-02,Eldoret DC,120.4
DSP-0902-CHE-0,PB-0902-CHE,2026-09-04,Kisumu DC,232.7
DSP-0902-YOG-0,PB-0902-YOG,2026-09-04,Kisumu DC,1745.5
DSP-0902-YOG-1,PB-0902-YOG,2026-09-05,Eldoret DC,1196.5
DSP-0902-YOG-2,PB-0902-YOG,2026-09-03,Mombasa DC,803.7
DSP-0902-BAK-0,PB-0902-BAK,2026-09-04,Kisumu DC,468.6
DSP-0902-BAK-1,PB-0902-BAK,2026-09-05,Nairobi DC,144.0
DSP-0902-BAK-2,PB-0902-BAK,2026-09-03,Nairobi DC,224.5
DSP-0903-CHE-0,PB-0903-CHE,2026-09-04,Mombasa DC,130.4
DSP-0903-YOG-0,PB-0903-YOG,2026-09-04,Kisumu DC,1274.6
DSP-0903-YOG-1,PB-0903-YOG,2026-09-05,Nairobi DC,965.5
DSP-0903-YOG-2,PB-0903-YOG,2026-09-04,Kisumu DC,1245.0
DSP-0903-ICE-0,PB-0903-ICE,2026-09-04,Eldoret DC,374.5
DSP-0903-ICE-1,PB-0903-ICE,2026-09-06,Kisumu DC,128.1
DSP-0903-ICE-2,PB-0903-ICE,2026-09-04,Eldoret DC,189.3
DSP-0903-BAK-0,PB-0903-BAK,2026-09-06,Nairobi DC,361.7
DSP-0903-BAK-1,PB-0903-BAK,2026-09-06,Nairobi DC,107.5
DSP-0903-BAK-2,PB-0903-BAK,2026-09-06,Kisumu DC,140.8
DSP-0904-CHE-0,PB-0904-CHE,2026-09-05,Eldoret DC,117.4
DSP-0904-YOG-0,PB-0904-YOG,2026-09-07,Mombasa DC,242.3
DSP-0904-ICE-0,PB-0904-ICE,2026-09-07,Kisumu DC,1029.0
DSP-0904-BAK-0,PB-0904-BAK,2026-09-06,Nairobi DC,259.4
DSP-0904-BAK-1,PB-0904-BAK,2026-09-07,Kisumu DC,88.6
DSP-0905-CHE-0,PB-0905-CHE,2026-09-06,Mombasa DC,355.1
DSP-0905-CHE-1,PB-0905-CHE,2026-09-07,Mombasa DC,181.2
DSP-0905-YOG-0,PB-0905-YOG,2026-09-07,Nairobi DC,483.7
DSP-0905-YOG-1,PB-0905-YOG,2026-09-06,Kisumu DC,381.1
DSP-0905-ICE-0,PB-0905-ICE,2026-09-08,Nairobi DC,465.8
DSP-0905-ICE-1,PB-0905-ICE,2026-09-07,Nairobi DC,183.2
DSP-0905-ICE-2,PB-0905-ICE,2026-09-08,Nairobi DC,232.0
DSP-0905-BAK-0,PB-0905-BAK,2026-09-06,Eldoret DC,204.6
DSP-0905-BAK-1,PB-0905-BAK,2026-09-06,Kisumu DC,108.3
DSP-0906-CHE-0,PB-0906-CHE,2026-09-09,Nairobi DC,110.2
DSP-0906-CHE-1,PB-0906-CHE,2026-09-07,Kisumu DC,49.8
DSP-0906-YOG-0,PB-0906-YOG,2026-09-09,Nairobi DC,1165.9
DSP-0906-YOG-1,PB-0906-YOG,2026-09-09,Kisumu DC,470.6
DSP-0906-ICE-0,PB-0906-ICE,2026-09-08,Eldoret DC,827.8
DSP-0906-BAK-0,PB-0906-BAK,2026-09-08,Mombasa DC,105.1
DSP-0907-CHE-0,PB-0907-CHE,2026-09-10,Mombasa DC,175.3
DSP-0907-YOG-0,PB-0907-YOG,2026-09-10,Nairobi DC,1874.5
DSP-0907-YOG-1,PB-0907-YOG,2026-09-08,Eldoret DC,1423.7
DSP-0907-ICE-0,PB-0907-ICE,2026-09-08,Mombasa DC,296.5
DSP-0907-ICE-1,PB-0907-ICE,2026-09-10,Nairobi DC,61.4
DSP-0907-ICE-2,PB-0907-ICE,2026-09-09,Mombasa DC,141.5
DSP-0908-CHE-0,PB-0908-CHE,2026-09-10,Kisumu DC,164.7
DSP-0908-YOG-0,PB-0908-YOG,2026-09-10,Nairobi DC,1434.1
DSP-0909-CHE-0,PB-0909-CHE,2026-09-10,Eldoret DC,49.5
DSP-0909-CHE-1,PB-0909-CHE,2026-09-12,Mombasa DC,13.8
DSP-0909-YOG-0,PB-0909-YOG,2026-09-11,Kisumu DC,2400.1
DSP-0909-YOG-1,PB-0909-YOG,2026-09-10,Eldoret DC,2332.4
DSP-0909-ICE-0,PB-0909-ICE,2026-09-11,Mombasa DC,298.6
DSP-0910-CHE-0,PB-0910-CHE,2026-09-13,Eldoret DC,172.2
DSP-0910-CHE-1,PB-0910-CHE,2026-09-13,Mombasa DC,100.9
DSP-0910-CHE-2,PB-0910-CHE,2026-09-13,Kisumu DC,78.5
DSP-0910-YOG-0,PB-0910-YOG,2026-09-12,Nairobi DC,1158.1
DSP-0910-ICE-0,PB-0910-ICE,2026-09-13,Eldoret DC,342.8
DSP-0910-ICE-1,PB-0910-ICE,2026-09-13,Nairobi DC,191.8
DSP-0910-BAK-0,PB-0910-BAK,2026-09-12,Kisumu DC,102.8
DSP-0910-BAK-1,PB-0910-BAK,2026-09-12,Nairobi DC,91.4
DSP-0910-BAK-2,PB-0910-BAK,2026-09-11,Kisumu DC,142.1
DSP-0911-CHE-0,PB-0911-CHE,2026-09-14,Mombasa DC,332.2
DSP-0911-BAK-0,PB-0911-BAK,2026-09-12,Nairobi DC,162.6
DSP-0911-BAK-1,PB-0911-BAK,2026-09-12,Kisumu DC,129.6
DSP-0911-BAK-2,PB-0911-BAK,2026-09-12,Nairobi DC,100.1
DSP-0912-CHE-0,PB-0912-CHE,2026-09-13,Kisumu DC,43.7
DSP-0912-CHE-1,PB-0912-CHE,2026-09-14,Eldoret DC,20.7
DSP-0912-YOG-0,PB-0912-YOG,2026-09-15,Nairobi DC,1686.4
DSP-0912-YOG-1,PB-0912-YOG,2026-09-13,Nairobi DC,1271.7
DSP-0912-ICE-0,PB-0912-ICE,2026-09-15,Kisumu DC,619.8
DSP-0912-ICE-1,PB-0912-ICE,2026-09-13,Mombasa DC,612.0
DSP-0913-CHE-0,PB-0913-CHE,2026-09-14,Kisumu DC,141.9
DSP-0913-CHE-1,PB-0913-CHE,2026-09-16,Eldoret DC,74.0
DSP-0913-YOG-0,PB-0913-YOG,2026-09-14,Mombasa DC,1505.0
DSP-0913-ICE-0,PB-0913-ICE,2026-09-15,Mombasa DC,497.6
DSP-0914-CHE-0,PB-0914-CHE,2026-09-16,Kisumu DC,109.1
DSP-0914-YOG-0,PB-0914-YOG,2026-09-16,Kisumu DC,1773.5
DSP-0914-YOG-1,PB-0914-YOG,2026-09-17,Nairobi DC,985.3
DSP-0914-YOG-2,PB-0914-YOG,2026-09-15,Mombasa DC,942.9
DSP-0914-ICE-0,PB-0914-ICE,2026-09-16,Eldoret DC,430.1
DSP-0914-ICE-1,PB-0914-ICE,2026-09-16,Nairobi DC,242.9
DSP-0914-BAK-0,PB-0914-BAK,2026-09-17,Nairobi DC,113.5
DSP-0914-BAK-1,PB-0914-BAK,2026-09-15,Eldoret DC,83.0
DSP-0914-BAK-2,PB-0914-BAK,2026-09-17,Eldoret DC,122.9
DSP-0915-CHE-0,PB-0915-CHE,2026-09-16,Eldoret DC,71.8
DSP-0915-CHE-1,PB-0915-CHE,2026-09-16,Nairobi DC,61.7
DSP-0915-YOG-0,PB-0915-YOG,2026-09-16,Kisumu DC,1268.3
DSP-0915-YOG-1,PB-0915-YOG,2026-09-17,Nairobi DC,850.5
DSP-0915-YOG-2,PB-0915-YOG,2026-09-16,Kisumu DC,1437.6
DSP-0915-BAK-0,PB-0915-BAK,2026-09-17,Eldoret DC,140.4
DSP-0915-BAK-1,PB-0915-BAK,2026-09-18,Nairobi DC,90.2
DSP-0916-CHE-0,PB-0916-CHE,2026-09-18,Kisumu DC,163.0
DSP-0916-CHE-1,PB-0916-CHE,2026-09-19,Kisumu DC,161.3
DSP-0916-YOG-0,PB-0916-YOG,2026-09-19,Kisumu DC,996.0
DSP-0916-YOG-1,PB-0916-YOG,2026-09-18,Kisumu DC,818.0
DSP-0917-CHE-0,PB-0917-CHE,2026-09-20,Kisumu DC,183.5
DSP-0917-YOG-0,PB-0917-YOG,2026-09-18,Mombasa DC,268.6
DSP-0917-YOG-1,PB-0917-YOG,2026-09-20,Mombasa DC,260.7
DSP-0917-YOG-2,PB-0917-YOG,2026-09-19,Nairobi DC,272.8
DSP-0917-ICE-0,PB-0917-ICE,2026-09-18,Mombasa DC,952.9
DSP-0917-ICE-1,PB-0917-ICE,2026-09-19,Mombasa DC,916.7
DSP-0917-ICE-2,PB-0917-ICE,2026-09-19,Nairobi DC,1026.8
DSP-0918-CHE-0,PB-0918-CHE,2026-09-20,Mombasa DC,190.1
DSP-0918-CHE-1,PB-0918-CHE,2026-09-19,Mombasa DC,59.0
DSP-0918-YOG-0,PB-0918-YOG,2026-09-19,Kisumu DC,922.5
DSP-0918-ICE-0,PB-0918-ICE,2026-09-21,Nairobi DC,443.9
DSP-0918-BAK-0,PB-0918-BAK,2026-09-19,Nairobi DC,248.1
DSP-0918-BAK-1,PB-0918-BAK,2026-09-20,Nairobi DC,89.7
DSP-0919-YOG-0,PB-0919-YOG,2026-09-22,Nairobi DC,3618.7
DSP-0919-YOG-1,PB-0919-YOG,2026-09-21,Kisumu DC,1366.8
DSP-0919-YOG-2,PB-0919-YOG,2026-09-20,Eldoret DC,2661.9
DSP-0919-ICE-0,PB-0919-ICE,2026-09-20,Nairobi DC,337.2
DSP-0920-CHE-0,PB-0920-CHE,2026-09-21,Kisumu DC,202.1
DSP-0920-YOG-0,PB-0920-YOG,2026-09-21,Eldoret DC,409.7
DSP-0920-YOG-1,PB-0920-YOG,2026-09-23,Mombasa DC,264.5
DSP-0920-ICE-0,PB-0920-ICE,2026-09-21,Kisumu DC,481.7
DSP-0921-CHE-0,PB-0921-CHE,2026-09-22,Eldoret DC,143.0
DSP-0921-CHE-1,PB-0921-CHE,2026-09-24,Kisumu DC,142.6
DSP-0921-YOG-0,PB-0921-YOG,2026-09-22,Mombasa DC,1167.1
DSP-0921-YOG-1,PB-0921-YOG,2026-09-23,Nairobi DC,698.7
DSP-0921-YOG-2,PB-0921-YOG,2026-09-24,Kisumu DC,1411.8
DSP-0921-ICE-0,PB-0921-ICE,2026-09-23,Eldoret DC,335.0
DSP-0921-ICE-1,PB-0921-ICE,2026-09-22,Nairobi DC,123.5
DSP-0921-BAK-0,PB-0921-BAK,2026-09-24,Nairobi DC,139.4
DSP-0922-CHE-0,PB-0922-CHE,2026-09-23,Eldoret DC,31.1
DSP-0922-YOG-0,PB-0922-YOG,2026-09-23,Mombasa DC,2337.4
DSP-0922-YOG-1,PB-0922-YOG,2026-09-25,Nairobi DC,1880.4
DSP-0922-YOG-2,PB-0922-YOG,2026-09-25,Mombasa DC,1425.7
DSP-0922-ICE-0,PB-0922-ICE,2026-09-25,Kisumu DC,450.0
DSP-0922-ICE-1,PB-0922-ICE,2026-09-24,Nairobi DC,165.3
DSP-0922-BAK-0,PB-0922-BAK,2026-09-25,Eldoret DC,175.8
DSP-0922-BAK-1,PB-0922-BAK,2026-09-25,Nairobi DC,55.1
DSP-0923-CHE-0,PB-0923-CHE,2026-09-25,Kisumu DC,157.7
DSP-0923-CHE-1,PB-0923-CHE,2026-09-24,Mombasa DC,55.0
DSP-0923-YOG-0,PB-0923-YOG,2026-09-25,Eldoret DC,1895.2
DSP-0923-ICE-0,PB-0923-ICE,2026-09-26,Nairobi DC,689.0
DSP-0924-CHE-0,PB-0924-CHE,2026-09-27,Mombasa DC,139.2
DSP-0924-YOG-0,PB-0924-YOG,2026-09-27,Nairobi DC,582.1
DSP-0924-ICE-0,PB-0924-ICE,2026-09-25,Nairobi DC,531.4
DSP-0925-CHE-0,PB-0925-CHE,2026-09-26,Eldoret DC,214.7
DSP-0925-CHE-1,PB-0925-CHE,2026-09-28,Kisumu DC,128.9
DSP-0925-CHE-2,PB-0925-CHE,2026-09-27,Eldoret DC,261.4
DSP-0925-ICE-0,PB-0925-ICE,2026-09-28,Eldoret DC,524.1
DSP-0925-BAK-0,PB-0925-BAK,2026-09-26,Mombasa DC,185.8
DSP-0926-CHE-0,PB-0926-CHE,2026-09-28,Mombasa DC,120.5
DSP-0926-CHE-1,PB-0926-CHE,2026-09-28,Kisumu DC,133.2
DSP-0926-CHE-2,PB-0926-CHE,2026-09-27,Nairobi DC,112.2
DSP-0926-YOG-0,PB-0926-YOG,2026-09-27,Nairobi DC,459.2
DSP-0926-YOG-1,PB-0926-YOG,2026-09-28,Eldoret DC,332.6
DSP-0926-ICE-0,PB-0926-ICE,2026-09-29,Nairobi DC,635.1
DSP-0926-ICE-1,PB-0926-ICE,2026-09-29,Kisumu DC,635.8
DSP-0926-ICE-2,PB-0926-ICE,2026-09-29,Eldoret DC,570.5
DSP-0926-BAK-0,PB-0926-BAK,2026-09-28,Eldoret DC,151.2
DSP-0926-BAK-1,PB-0926-BAK,2026-09-29,Kisumu DC,88.0
DSP-0926-BAK-2,PB-0926-BAK,2026-09-28,Mombasa DC,123.9
DSP-0927-CHE-0,PB-0927-CHE,2026-09-30,Nairobi DC,141.0
DSP-0927-CHE-1,PB-0927-CHE,2026-09-28,Eldoret DC,121.7
DSP-0927-CHE-2,PB-0927-CHE,2026-09-30,Nairobi DC,108.4
DSP-0927-YOG-0,PB-0927-YOG,2026-09-30,Mombasa DC,1189.7
DSP-0927-YOG-1,PB-0927-YOG,2026-09-29,Eldoret DC,534.2
DSP-0927-ICE-0,PB-0927-ICE,2026-09-28,Kisumu DC,540.8
DSP-0927-ICE-1,PB-0927-ICE,2026-09-28,Kisumu DC,421.0
DSP-0927-BAK-0,PB-0927-BAK,2026-09-30,Kisumu DC,141.4
DSP-0927-BAK-1,PB-0927-BAK,2026-09-28,Nairobi DC,37.3
DSP-0928-CHE-0,PB-0928-CHE,2026-10-01,Mombasa DC,69.5
DSP-0928-YOG-0,PB-0928-YOG,2026-09-29,Eldoret DC,2203.4
DSP-0928-YOG-1,PB-0928-YOG,2026-09-30,Kisumu DC,823.4
DSP-0928-YOG-2,PB-0928-YOG,2026-10-01,Mombasa DC,1849.5
DSP-0928-BAK-0,PB-0928-BAK,2026-09-30,Eldoret DC,144.8
DSP-0929-CHE-0,PB-0929-CHE,2026-10-01,Kisumu DC,80.4
DSP-0929-CHE-1,PB-0929-CHE,2026-10-01,Eldoret DC,69.8
DSP-0929-YOG-0,PB-0929-YOG,2026-10-02,Nairobi DC,1275.9
DSP-0929-YOG-1,PB-0929-YOG,2026-10-02,Nairobi DC,689.4
DSP-0929-YOG-2,PB-0929-YOG,2026-10-02,Eldoret DC,842.0
DSP-0929-ICE-0,PB-0929-ICE,2026-09-30,Kisumu DC,1197.1
DSP-0930-CHE-0,PB-0930-CHE,2026-10-02,Mombasa DC,111.9
DSP-0930-CHE-1,PB-0930-CHE,2026-10-03,Nairobi DC,38.7
DSP-0930-YOG-0,PB-0930-YOG,2026-10-02,Mombasa DC,1296.0
DSP-0930-YOG-1,PB-0930-YOG,2026-10-01,Nairobi DC,438.2
DSP-0930-ICE-0,PB-0930-ICE,2026-10-02,Mombasa DC,1623.2
DSP-0930-ICE-1,PB-0930-ICE,2026-10-01,Eldoret DC,547.3
DSP-0930-ICE-2,PB-0930-ICE,2026-10-03,Nairobi DC,565.1
