intake_id,intake_date,centre_id,litres_dispatched,litres_received,qa_status,temp_c
INT-0901-CC01,2026-09-01,CC01,754.4,751.5,ACCEPTED,2.9
INT-0901-CC02,2026-09-01,CC02,975.7,972.5,ACCEPTED,4.9
INT-0901-CC03,2026-09-01,CC03,1278.0,1271.5,ACCEPTED,4.7
INT-0901-CC04,2026-09-01,CC04,1431.3,1430.9,ACCEPTED,3.9
INT-0901-CC05,2026-09-01,CC05,1215.0,1199.4,ACCEPTED,4.1
INT-0901-CC06,2026-09-01,CC06,1343.2,1333.2,ACCEPTED,4.1
INT-0901-CC07,2026-09-01,CC07,1057.4,1049.1,ACCEPTED,3.3
INT-0901-CC08,2026-09-01,CC08,1486.1,1464.5,ACCEPTED,6.1
INT-0902-CC01,2026-09-02,CC01,1540.8,1531.8,ACCEPTED,5.3
INT-0902-CC02,2026-09-02,CC02,1232.5,1216.9,ACCEPTED,1.3
INT-0902-CC03,2026-09-02,CC03,1368.3,1352.5,ACCEPTED,5.2
INT-0902-CC04,2026-09-02,CC04,935.7,933.2,ACCEPTED,5.0
INT-0902-CC05,2026-09-02,CC05,1695.5,1680.3,ACCEPTED,3.1
INT-0902-CC06,2026-09-02,CC06,1542.6,1539.5,ACCEPTED,2.8
INT-0902-CC07,2026-09-02,CC07,1450.1,1436.2,ACCEPTED,5.7
INT-0902-CC08,2026-09-02,CC08,1048.2,1043.5,ACCEPTED,6.8
INT-0903-CC01,2026-09-03,CC01,1321.2,1302.7,ACCEPTED,4.6
INT-0903-CC02,2026-09-03,CC02,778.5,777.7,ACCEPTED,4.1
INT-0903-CC03,2026-09-03,CC03,1350.1,1332.4,ACCEPTED,3.5
INT-0903-CC04,2026-09-03,CC04,1329.1,1317.1,ACCEPTED,3.3
INT-0903-CC05,2026-09-03,CC05,1417.4,1398.5,ACCEPTED,4.8
INT-0903-CC06,2026-09-03,CC06,1282.6,1276.6,ACCEPTED,4.5
INT-0903-CC07,2026-09-03,CC07,904.0,898.4,ACCEPTED,5.5
INT-0903-CC08,2026-09-03,CC08,1254.5,1241.9,ACCEPTED,4.3
INT-0904-CC01,2026-09-04,CC01,1458.1,1439.1,ACCEPTED,3.3
INT-0904-CC02,2026-09-04,CC02,1535.3,1516.2,ACCEPTED,4.1
INT-0904-CC03,2026-09-04,CC03,1317.0,1304.5,ACCEPTED,4.2
INT-0904-CC04,2026-09-04,CC04,1501.1,1494.9,ACCEPTED,4.7
INT-0904-CC05,2026-09-04,CC05,827.4,819.2,ACCEPTED,4.9
INT-0904-CC06,2026-09-04,CC06,739.2,733.5,ACCEPTED,4.8
INT-0904-CC07,2026-09-04,CC07,1038.5,1030.6,ACCEPTED,5.5
INT-0904-CC08,2026-09-04,CC08,1314.2,1301.8,ACCEPTED,3.9
INT-0905-CC01,2026-09-05,CC01,1598.2,1596.7,ACCEPTED,5.4
INT-0905-CC02,2026-09-05,CC02,1215.4,1202.5,ACCEPTED,5.2
INT-0905-CC03,2026-09-05,CC03,1516.2,1498.8,ACCEPTED,4.1
INT-0905-CC04,2026-09-05,CC04,1681.0,1673.1,ACCEPTED,4.3
INT-0905-CC05,2026-09-05,CC05,1611.6,1597.4,ACCEPTED,3.0
INT-0905-CC06,2026-09-05,CC06,1623.6,1616.4,ACCEPTED,3.8
INT-0905-CC07,2026-09-05,CC07,1197.9,1197.6,ACCEPTED,4.8
INT-0905-CC08,2026-09-05,CC08,1210.3,1201.7,ACCEPTED,4.8
INT-0906-CC01,2026-09-06,CC01,1368.1,1367.1,ACCEPTED,3.1
INT-0906-CC02,2026-09-06,CC02,1423.2,1407.9,ACCEPTED,3.5
INT-0906-CC03,2026-09-06,CC03,1052.6,1042.4,ACCEPTED,5.0
INT-0906-CC04,2026-09-06,CC04,1008.8,1004.4,ACCEPTED,5.6
INT-0906-CC05,2026-09-06,CC05,1481.6,1477.6,ACCEPTED,2.5
INT-0906-CC06,2026-09-06,CC06,850.0,841.6,ACCEPTED,1.4
INT-0906-CC07,2026-09-06,CC07,911.3,898.8,ACCEPTED,3.3
INT-0906-CC08,2026-09-06,CC08,1529.3,1515.3,ACCEPTED,5.6
INT-0907-CC01,2026-09-07,CC01,1407.4,1386.9,ACCEPTED,2.9
INT-0907-CC02,2026-09-07,CC02,1199.2,1188.8,ACCEPTED,5.2
INT-0907-CC03,2026-09-07,CC03,1211.9,1203.1,ACCEPTED,5.7
INT-0907-CC04,2026-09-07,CC04,1243.4,1237.7,ACCEPTED,3.7
INT-0907-CC05,2026-09-07,CC05,987.1,983.8,ACCEPTED,4.1
INT-0907-CC06,2026-09-07,CC06,816.4,811.2,ACCEPTED,1.8
INT-0907-CC07,2026-09-07,CC07,1717.8,1703.3,ACCEPTED,3.6
INT-0907-CC08,2026-09-07,CC08,988.8,977.9,ACCEPTED,6.8
INT-0908-CC01,2026-09-08,CC01,1767.4,1746.8,ACCEPTED,2.8
INT-0908-CC02,2026-09-08,CC02,1037.0,1028.5,ACCEPTED,4.2
INT-0908-CC03,2026-09-08,CC03,844.9,841.5,ACCEPTED,4.5
INT-0908-CC04,2026-09-08,CC04,1120.7,1109.2,ACCEPTED,6.8
INT-0908-CC05,2026-09-08,CC05,994.6,985.3,ACCEPTED,5.7
INT-0908-CC06,2026-09-08,CC06,842.5,830.2,ACCEPTED,5.0
INT-0908-CC07,2026-09-08,CC07,1362.4,1351.1,ACCEPTED,2.8
INT-0908-CC08,2026-09-08,CC08,1057.7,1043.2,ACCEPTED,2.8
INT-0909-CC01,2026-09-09,CC01,1325.2,1306.0,ACCEPTED,5.5
INT-0909-CC02,2026-09-09,CC02,918.9,910.6,ACCEPTED,3.9
INT-0909-CC03,2026-09-09,CC03,1399.7,1387.5,ACCEPTED,4.0
INT-0909-CC04,2026-09-09,CC04,1264.4,1253.3,ACCEPTED,5.7
INT-0909-CC05,2026-09-09,CC05,805.6,802.8,ACCEPTED,3.6
INT-0909-CC06,2026-09-09,CC06,915.0,911.1,ACCEPTED,5.0
INT-0909-CC07,2026-09-09,CC07,1535.4,1512.6,ACCEPTED,3.3
INT-0909-CC08,2026-09-09,CC08,1232.5,1227.4,ACCEPTED,4.3
INT-0910-CC01,2026-09-10,CC01,1447.0,1446.6,ACCEPTED,2.6
INT-0910-CC02,2026-09-10,CC02,1247.9,1238.0,ACCEPTED,4.9
INT-0910-CC03,2026-09-10,CC03,1271.8,1269.9,ACCEPTED,1.7
INT-0910-CC04,2026-09-10,CC04,1036.3,1028.4,ACCEPTED,6.3
INT-0910-CC05,2026-09-10,CC05,1096.3,1085.5,ACCEPTED,4.3
INT-0910-CC06,2026-09-10,CC06,840.2,828.5,ACCEPTED,4.9
INT-0910-CC07,2026-09-10,CC07,1417.7,1412.4,ACCEPTED,3.2
INT-0910-CC08,2026-09-10,CC08,1119.2,1108.5,ACCEPTED,4.0
INT-0911-CC01,2026-09-11,CC01,1327.1,1318.2,ACCEPTED,4.1
INT-0911-CC02,2026-09-11,CC02,833.5,832.4,ACCEPTED,4.9
INT-0911-CC03,2026-09-11,CC03,837.6,833.6,REJECTED,2.3
INT-0911-CC04,2026-09-11,CC04,1465.6,1452.0,ACCEPTED,5.9
INT-0911-CC05,2026-09-11,CC05,1366.3,1349.4,ACCEPTED,4.2
INT-0911-CC06,2026-09-11,CC06,925.8,922.8,REJECTED,5.6
INT-0911-CC07,2026-09-11,CC07,1077.4,1067.1,ACCEPTED,5.5
INT-0911-CC08,2026-09-11,CC08,1409.1,1393.9,ACCEPTED,2.0
INT-0912-CC01,2026-09-12,CC01,1355.1,1343.0,ACCEPTED,4.1
INT-0912-CC02,2026-09-12,CC02,1180.2,1165.4,ACCEPTED,6.5
INT-0912-CC03,2026-09-12,CC03,674.8,668.9,ACCEPTED,3.1
INT-0912-CC04,2026-09-12,CC04,1167.5,1161.8,ACCEPTED,3.4
INT-0912-CC05,2026-09-12,CC05,1008.4,1007.9,ACCEPTED,5.3
INT-0912-CC06,2026-09-12,CC06,975.4,965.0,ACCEPTED,4.5
INT-0912-CC07,2026-09-12,CC07,1036.0,1026.4,ACCEPTED,5.1
INT-0912-CC08,2026-09-12,CC08,1138.3,1130.0,ACCEPTED,3.7
INT-0913-CC01,2026-09-13,CC01,730.8,721.2,ACCEPTED,3.4
INT-0913-CC02,2026-09-13,CC02,857.4,846.6,ACCEPTED,3.9
INT-0913-CC03,2026-09-13,CC03,915.6,907.4,ACCEPTED,5.7
INT-0913-CC04,2026-09-13,CC04,1539.2,1537.2,ACCEPTED,4.3
INT-0913-CC05,2026-09-13,CC05,1060.7,1060.4,ACCEPTED,5.5
INT-0913-CC06,2026-09-13,CC06,1785.4,1768.6,ACCEPTED,5.1
INT-0913-CC07,2026-09-13,CC07,1257.8,1240.3,ACCEPTED,3.9
INT-0913-CC08,2026-09-13,CC08,1078.9,1064.6,ACCEPTED,3.8
INT-0914-CC01,2026-09-14,CC01,1592.9,1572.2,ACCEPTED,4.0
INT-0914-CC02,2026-09-14,CC02,903.8,899.4,ACCEPTED,4.8
INT-0914-CC03,2026-09-14,CC03,1037.9,1033.4,ACCEPTED,5.0
INT-0914-CC04,2026-09-14,CC04,976.5,973.7,ACCEPTED,4.2
INT-0914-CC05,2026-09-14,CC05,1148.3,1141.1,ACCEPTED,4.0
INT-0914-CC06,2026-09-14,CC06,1124.2,1120.4,ACCEPTED,4.8
INT-0914-CC07,2026-09-14,CC07,640.8,634.3,ACCEPTED,5.7
INT-0914-CC08,2026-09-14,CC08,1256.6,1246.0,ACCEPTED,4.5
INT-0915-CC01,2026-09-15,CC01,1343.7,1339.4,ACCEPTED,5.5
INT-0915-CC02,2026-09-15,CC02,955.9,951.3,ACCEPTED,5.4
INT-0915-CC03,2026-09-15,CC03,979.9,974.1,ACCEPTED,4.5
INT-0915-CC04,2026-09-15,CC04,792.1,788.0,ACCEPTED,4.3
INT-0915-CC05,2026-09-15,CC05,1376.7,1361.4,ACCEPTED,4.8
INT-0915-CC06,2026-09-15,CC06,1508.9,1508.1,REJECTED,6.1
INT-0915-CC07,2026-09-15,CC07,904.7,897.2,ACCEPTED,6.1
INT-0915-CC08,2026-09-15,CC08,890.2,880.4,ACCEPTED,4.9
INT-0916-CC01,2026-09-16,CC01,1081.4,1068.5,ACCEPTED,6.3
INT-0916-CC02,2026-09-16,CC02,1235.1,1229.2,ACCEPTED,4.9
INT-0916-CC03,2026-09-16,CC03,1195.3,1194.0,ACCEPTED,5.6
INT-0916-CC04,2026-09-16,CC04,1439.3,1422.5,ACCEPTED,5.7
INT-0916-CC05,2026-09-16,CC05,1132.6,1121.5,ACCEPTED,3.8
INT-0916-CC06,2026-09-16,CC06,804.5,801.4,ACCEPTED,4.3
INT-0916-CC07,2026-09-16,CC07,1547.1,1531.3,REJECTED,5.9
INT-0916-CC08,2026-09-16,CC08,1096.4,1081.2,ACCEPTED,3.0
INT-0917-CC01,2026-09-17,CC01,1034.7,1026.9,ACCEPTED,5.2
INT-0917-CC02,2026-09-17,CC02,1351.4,1337.4,ACCEPTED,2.8
INT-0917-CC03,2026-09-17,CC03,1244.2,1229.2,ACCEPTED,6.3
INT-0917-CC04,2026-09-17,CC04,1588.4,1580.7,ACCEPTED,4.8
INT-0917-CC05,2026-09-17,CC05,820.6,808.6,ACCEPTED,3.7
INT-0917-CC06,2026-09-17,CC06,1178.8,1172.7,ACCEPTED,5.0
INT-0917-CC07,2026-09-17,CC07,761.3,753.4,ACCEPTED,6.8
INT-0917-CC08,2026-09-17,CC08,1326.4,1309.6,ACCEPTED,4.2
INT-0918-CC01,2026-09-18,CC01,970.0,969.5,ACCEPTED,4.9
INT-0918-CC02,2026-09-18,CC02,872.2,863.5,ACCEPTED,4.9
INT-0918-CC03,2026-09-18,CC03,1273.2,1265.1,ACCEPTED,5.7
INT-0918-CC04,2026-09-18,CC04,1619.1,1608.8,ACCEPTED,0.6
INT-0918-CC05,2026-09-18,CC05,1397.8,1381.9,ACCEPTED,4.3
INT-0918-CC06,2026-09-18,CC06,815.3,814.0,ACCEPTED,4.0
INT-0918-CC07,2026-09-18,CC07,1373.0,1372.0,ACCEPTED,4.1
INT-0918-CC08,2026-09-18,CC08,1160.1,1153.7,ACCEPTED,4.6
INT-0919-CC01,2026-09-19,CC01,1461.9,1444.6,ACCEPTED,4.7
INT-0919-CC02,2026-09-19,CC02,981.0,973.5,ACCEPTED,5.1
INT-0919-CC03,2026-09-19,CC03,1149.5,1142.3,ACCEPTED,1.3
INT-0919-CC04,2026-09-19,CC04,1502.5,1500.5,ACCEPTED,6.3
INT-0919-CC05,2026-09-19,CC05,1085.5,1079.3,ACCEPTED,6.0
INT-0919-CC06,2026-09-19,CC06,1176.8,1160.5,ACCEPTED,4.5
INT-0919-CC07,2026-09-19,CC07,1194.5,1184.1,ACCEPTED,5.6
INT-0919-CC08,2026-09-19,CC08,1028.4,1025.1,ACCEPTED,2.5
INT-0920-CC01,2026-09-20,CC01,1211.6,1195.5,ACCEPTED,4.8
INT-0920-CC02,2026-09-20,CC02,1021.5,1008.4,ACCEPTED,5.1
INT-0920-CC03,2026-09-20,CC03,825.2,822.2,ACCEPTED,4.9
INT-0920-CC04,2026-09-20,CC04,756.8,745.9,ACCEPTED,4.1
INT-0920-CC05,2026-09-20,CC05,1223.8,1218.5,REJECTED,4.7
INT-0920-CC06,2026-09-20,CC06,1375.7,1356.8,ACCEPTED,6.6
INT-0920-CC07,2026-09-20,CC07,1447.3,1430.7,ACCEPTED,4.3
INT-0920-CC08,2026-09-20,CC08,1007.5,998.5,ACCEPTED,4.0
INT-0921-CC01,2026-09-21,CC01,867.7,860.3,ACCEPTED,3.7
INT-0921-CC02,2026-09-21,CC02,1694.2,1678.0,ACCEPTED,2.6
INT-0921-CC03,2026-09-21,CC03,1212.0,1194.8,ACCEPTED,5.4
INT-0921-CC04,2026-09-21,CC04,1246.2,1231.6,ACCEPTED,4.8
INT-0921-CC05,2026-09-21,CC05,1247.1,1240.5,ACCEPTED,4.2
INT-0921-CC06,2026-09-21,CC06,1614.3,1594.1,ACCEPTED,6.7
INT-0921-CC07,2026-09-21,CC07,1480.1,1474.5,ACCEPTED,3.0
INT-0921-CC08,2026-09-21,CC08,951.8,942.7,ACCEPTED,4.9
INT-0922-CC01,2026-09-22,CC01,1291.2,1271.9,ACCEPTED,2.1
INT-0922-CC02,2026-09-22,CC02,790.9,786.0,ACCEPTED,5.0
INT-0922-CC03,2026-09-22,CC03,1561.4,1557.0,ACCEPTED,5.5
INT-0922-CC04,2026-09-22,CC04,1499.4,1486.2,ACCEPTED,6.5
INT-0922-CC05,2026-09-22,CC05,1367.2,1364.8,ACCEPTED,4.8
INT-0922-CC06,2026-09-22,CC06,909.8,907.7,ACCEPTED,4.8
INT-0922-CC07,2026-09-22,CC07,1370.3,1357.9,ACCEPTED,4.3
INT-0922-CC08,2026-09-22,CC08,1109.8,1093.3,ACCEPTED,3.7
INT-0923-CC01,2026-09-23,CC01,1436.3,1428.8,ACCEPTED,4.9
INT-0923-CC02,2026-09-23,CC02,1306.9,1303.6,ACCEPTED,4.0
INT-0923-CC03,2026-09-23,CC03,1224.2,1219.4,ACCEPTED,5.8
INT-0923-CC04,2026-09-23,CC04,1424.7,1424.6,ACCEPTED,3.2
INT-0923-CC05,2026-09-23,CC05,1282.3,1265.0,ACCEPTED,3.3
INT-0923-CC06,2026-09-23,CC06,1193.9,1183.1,ACCEPTED,4.6
INT-0923-CC07,2026-09-23,CC07,1238.9,1231.9,ACCEPTED,5.3
INT-0923-CC08,2026-09-23,CC08,1172.9,1166.0,REJECTED,4.7
INT-0924-CC01,2026-09-24,CC01,1039.7,1035.3,ACCEPTED,5.7
INT-0924-CC02,2026-09-24,CC02,1021.7,1011.5,ACCEPTED,4.4
INT-0924-CC03,2026-09-24,CC03,931.4,918.2,REJECTED,2.9
INT-0924-CC04,2026-09-24,CC04,933.0,923.5,ACCEPTED,4.0
INT-0924-CC05,2026-09-24,CC05,1041.7,1026.5,ACCEPTED,4.6
INT-0924-CC06,2026-09-24,CC06,1328.0,1319.3,ACCEPTED,7.9
INT-0924-CC07,2026-09-24,CC07,1313.8,1300.4,ACCEPTED,4.8
INT-0924-CC08,2026-09-24,CC08,934.7,922.8,ACCEPTED,5.6
INT-0925-CC01,2026-09-25,CC01,1154.4,1141.5,ACCEPTED,5.3
INT-0925-CC02,2026-09-25,CC02,1209.7,1198.2,ACCEPTED,3.9
INT-0925-CC03,2026-09-25,CC03,1038.3,1025.3,ACCEPTED,3.1
INT-0925-CC04,2026-09-25,CC04,1064.3,1057.7,ACCEPTED,5.8
INT-0925-CC05,2026-09-25,CC05,1320.9,1304.4,ACCEPTED,5.8
INT-0925-CC06,2026-09-25,CC06,1632.7,1608.9,ACCEPTED,4.8
INT-0925-CC07,2026-09-25,CC07,1059.8,1057.5,ACCEPTED,6.6
INT-0925-CC08,2026-09-25,CC08,1461.4,1456.0,ACCEPTED,5.5
INT-0926-CC01,2026-09-26,CC01,1265.2,1252.3,ACCEPTED,4.7
INT-0926-CC02,2026-09-26,CC02,863.2,852.8,ACCEPTED,3.1
INT-0926-CC03,2026-09-26,CC03,1543.2,1531.5,ACCEPTED,5.2
INT-0926-CC04,2026-09-26,CC04,1198.5,1195.7,ACCEPTED,4.7
INT-0926-CC05,2026-09-26,CC05,1114.0,1109.7,ACCEPTED,6.6
INT-0926-CC06,2026-09-26,CC06,1066.9,1054.1,ACCEPTED,5.7
INT-0926-CC07,2026-09-26,CC07,868.5,860.3,ACCEPTED,5.9
INT-0926-CC08,2026-09-26,CC08,1325.1,1324.1,ACCEPTED,6.7
INT-0927-CC01,2026-09-27,CC01,809.8,808.5,ACCEPTED,5.8
INT-0927-CC02,2026-09-27,CC02,1122.0,1112.1,ACCEPTED,4.2
INT-0927-CC03,2026-09-27,CC03,977.6,963.6,ACCEPTED,4.5
INT-0927-CC04,2026-09-27,CC04,1520.6,1504.8,ACCEPTED,4.2
INT-0927-CC05,2026-09-27,CC05,862.8,859.6,ACCEPTED,5.1
INT-0927-CC06,2026-09-27,CC06,1234.5,1223.8,ACCEPTED,3.7
INT-0927-CC07,2026-09-27,CC07,1641.1,1632.6,ACCEPTED,2.4
INT-0927-CC08,2026-09-27,CC08,1235.8,1230.3,ACCEPTED,4.1
INT-0928-CC01,2026-09-28,CC01,997.8,996.7,ACCEPTED,2.5
INT-0928-CC02,2026-09-28,CC02,1156.3,1141.5,ACCEPTED,6.3
INT-0928-CC03,2026-09-28,CC03,796.0,792.2,ACCEPTED,4.5
INT-0928-CC04,2026-09-28,CC04,1288.0,1281.3,ACCEPTED,6.3
INT-0928-CC05,2026-09-28,CC05,1388.8,1382.8,ACCEPTED,1.6
INT-0928-CC06,2026-09-28,CC06,1477.6,1457.8,ACCEPTED,6.2
INT-0928-CC07,2026-09-28,CC07,999.5,998.2,ACCEPTED,4.2
INT-0928-CC08,2026-09-28,CC08,792.1,783.6,ACCEPTED,6.2
INT-0929-CC01,2026-09-29,CC01,1157.8,1154.3,ACCEPTED,5.3
INT-0929-CC02,2026-09-29,CC02,973.7,960.4,ACCEPTED,3.9
INT-0929-CC03,2026-09-29,CC03,1196.7,1180.5,ACCEPTED,6.1
INT-0929-CC04,2026-09-29,CC04,1137.1,1120.2,ACCEPTED,3.0
INT-0929-CC05,2026-09-29,CC05,1269.3,1267.4,ACCEPTED,3.1
INT-0929-CC06,2026-09-29,CC06,1318.3,1316.3,ACCEPTED,5.5
INT-0929-CC07,2026-09-29,CC07,921.9,918.9,ACCEPTED,4.3
INT-0929-CC08,2026-09-29,CC08,986.2,976.8,ACCEPTED,3.6
INT-0930-CC01,2026-09-30,CC01,1138.7,1122.3,ACCEPTED,6.8
INT-0930-CC02,2026-09-30,CC02,1403.4,1386.7,ACCEPTED,5.7
INT-0930-CC03,2026-09-30,CC03,978.7,973.3,ACCEPTED,6.3
INT-0930-CC04,2026-09-30,CC04,1387.3,1379.7,ACCEPTED,4.0
INT-0930-CC05,2026-09-30,CC05,1030.3,1028.8,ACCEPTED,5.1
INT-0930-CC06,2026-09-30,CC06,1732.6,1730.6,ACCEPTED,6.5
INT-0930-CC07,2026-09-30,CC07,1220.2,1218.5,ACCEPTED,4.7
INT-0930-CC08,2026-09-30,CC08,1028.6,1017.8,ACCEPTED,5.9
