batch_id,production_date,product_line,standard_yield_kg_per_l,output_kg,waste_kg,offcuts_kg
PB-0901-CHE,2026-09-01,Cheese,0.1,386.6,196.0,55.2
PB-0901-YOG,2026-09-01,Yoghurt,0.95,2807.7,93.9,21.6
PB-0901-ICE,2026-09-01,Ice Cream,0.55,679.6,46.3,11.0
PB-0901-BAK,2026-09-01,Bakery,0.3,398.7,78.1,17.5
PB-0902-CHE,2026-09-02,Cheese,0.1,413.9,312.4,55.0
PB-0902-YOG,2026-09-02,Yoghurt,0.95,3745.7,79.5,31.2
PB-0902-BAK,2026-09-02,Bakery,0.3,837.1,196.7,58.6
PB-0903-CHE,2026-09-03,Cheese,0.1,251.5,126.8,38.5
PB-0903-YOG,2026-09-03,Yoghurt,0.95,3485.1,146.1,44.3
PB-0903-ICE,2026-09-03,Ice Cream,0.55,691.9,33.0,11.9
PB-0903-BAK,2026-09-03,Bakery,0.3,610.0,142.8,47.0
PB-0904-CHE,2026-09-04,Cheese,0.1,335.3,178.7,31.4
PB-0904-YOG,2026-09-04,Yoghurt,0.95,740.3,31.9,11.9
PB-0904-ICE,2026-09-04,Ice Cream,0.55,2132.8,146.9,46.7
PB-0904-BAK,2026-09-04,Bakery,0.3,450.2,104.2,15.1
PB-0905-CHE,2026-09-05,Cheese,0.1,696.1,323.4,33.0
PB-0905-YOG,2026-09-05,Yoghurt,0.95,1141.3,48.5,9.3
PB-0905-ICE,2026-09-05,Ice Cream,0.55,881.0,49.1,10.9
PB-0905-BAK,2026-09-05,Bakery,0.3,470.6,60.7,17.7
PB-0906-CHE,2026-09-06,Cheese,0.1,245.7,120.3,37.8
PB-0906-YOG,2026-09-06,Yoghurt,0.95,2038.8,56.9,16.9
PB-0906-ICE,2026-09-06,Ice Cream,0.55,2067.6,216.4,47.6
PB-0906-BAK,2026-09-06,Bakery,0.3,314.5,60.0,22.3
PB-0907-CHE,2026-09-07,Cheese,0.1,390.2,203.4,63.9
PB-0907-YOG,2026-09-07,Yoghurt,0.95,4499.1,189.1,45.0
PB-0907-ICE,2026-09-07,Ice Cream,0.55,499.4,19.9,7.9
PB-0908-CHE,2026-09-08,Cheese,0.1,487.6,204.4,47.7
PB-0908-YOG,2026-09-08,Yoghurt,0.95,3800.1,92.9,29.7
PB-0909-CHE,2026-09-09,Cheese,0.1,93.4,45.7,13.1
PB-0909-YOG,2026-09-09,Yoghurt,0.95,6691.9,208.8,67.1
PB-0909-ICE,2026-09-09,Ice Cream,0.55,708.4,65.9,23.9
PB-0910-CHE,2026-09-10,Cheese,0.1,351.6,286.4,87.2
PB-0910-YOG,2026-09-10,Yoghurt,0.95,3139.1,95.5,26.6
PB-0910-ICE,2026-09-10,Ice Cream,0.55,829.8,43.4,9.5
PB-0910-BAK,2026-09-10,Bakery,0.3,336.3,63.9,11.1
PB-0911-CHE,2026-09-11,Cheese,0.1,600.7,422.2,123.7
PB-0911-BAK,2026-09-11,Bakery,0.3,392.3,74.7,29.9
PB-0912-CHE,2026-09-12,Cheese,0.1,99.3,65.3,25.0
PB-0912-YOG,2026-09-12,Yoghurt,0.95,3958.9,155.6,53.8
PB-0912-ICE,2026-09-12,Ice Cream,0.55,1817.5,119.8,31.8
PB-0913-CHE,2026-09-13,Cheese,0.1,266.4,166.9,39.4
PB-0913-YOG,2026-09-13,Yoghurt,0.95,4495.2,187.5,28.1
PB-0913-ICE,2026-09-13,Ice Cream,0.55,937.3,87.4,21.9
PB-0914-CHE,2026-09-14,Cheese,0.1,187.2,83.0,14.5
PB-0914-YOG,2026-09-14,Yoghurt,0.95,3701.7,160.7,40.8
PB-0914-ICE,2026-09-14,Ice Cream,0.55,1026.0,100.8,31.3
PB-0914-BAK,2026-09-14,Bakery,0.3,319.4,51.3,12.4
PB-0915-CHE,2026-09-15,Cheese,0.1,184.4,91.7,14.0
PB-0915-YOG,2026-09-15,Yoghurt,0.95,3556.4,145.8,36.9
PB-0915-BAK,2026-09-15,Bakery,0.3,394.2,87.7,31.6
PB-0916-CHE,2026-09-16,Cheese,0.1,542.0,280.8,74.6
PB-0916-YOG,2026-09-16,Yoghurt,0.95,2500.8,60.5,19.0
PB-0917-CHE,2026-09-17,Cheese,0.1,336.9,208.5,71.8
PB-0917-YOG,2026-09-17,Yoghurt,0.95,802.1,26.9,8.7
PB-0917-ICE,2026-09-17,Ice Cream,0.55,2896.4,244.7,25.5
PB-0918-CHE,2026-09-18,Cheese,0.1,342.2,272.1,99.3
PB-0918-YOG,2026-09-18,Yoghurt,0.95,2412.4,83.9,17.9
PB-0918-ICE,2026-09-18,Ice Cream,0.55,1143.3,115.3,15.7
PB-0918-BAK,2026-09-18,Bakery,0.3,441.9,77.3,18.9
PB-0919-YOG,2026-09-19,Yoghurt,0.95,7647.4,370.9,56.8
PB-0919-ICE,2026-09-19,Ice Cream,0.55,622.3,47.1,15.9
PB-0920-CHE,2026-09-20,Cheese,0.1,433.4,346.2,41.3
PB-0920-YOG,2026-09-20,Yoghurt,0.95,911.6,40.3,11.3
PB-0920-ICE,2026-09-20,Ice Cream,0.55,1134.3,74.5,29.5
PB-0921-CHE,2026-09-21,Cheese,0.1,476.4,360.9,57.0
PB-0921-YOG,2026-09-21,Yoghurt,0.95,3277.6,120.3,35.2
PB-0921-ICE,2026-09-21,Ice Cream,0.55,698.3,41.8,8.4
PB-0921-BAK,2026-09-21,Bakery,0.3,270.2,59.7,13.6
PB-0922-CHE,2026-09-22,Cheese,0.1,75.4,63.6,21.0
PB-0922-YOG,2026-09-22,Yoghurt,0.95,5643.5,180.4,48.1
PB-0922-ICE,2026-09-22,Ice Cream,0.55,831.3,42.8,7.0
PB-0922-BAK,2026-09-22,Bakery,0.3,322.3,34.5,5.9
PB-0923-CHE,2026-09-23,Cheese,0.1,265.2,150.7,38.7
PB-0923-YOG,2026-09-23,Yoghurt,0.95,3575.8,131.8,42.7
PB-0923-ICE,2026-09-23,Ice Cream,0.55,1496.5,155.7,55.2
PB-0924-CHE,2026-09-24,Cheese,0.1,413.9,272.7,68.5
PB-0924-YOG,2026-09-24,Yoghurt,0.95,1203.9,50.0,6.9
PB-0924-ICE,2026-09-24,Ice Cream,0.55,1005.8,103.8,17.7
PB-0925-CHE,2026-09-25,Cheese,0.1,605.0,515.4,64.9
PB-0925-ICE,2026-09-25,Ice Cream,0.55,1253.1,97.8,20.8
PB-0925-BAK,2026-09-25,Bakery,0.3,336.9,63.4,11.3
PB-0926-CHE,2026-09-26,Cheese,0.1,365.9,149.3,30.3
PB-0926-YOG,2026-09-26,Yoghurt,0.95,1063.4,38.5,13.3
PB-0926-ICE,2026-09-26,Ice Cream,0.55,1841.4,196.4,73.0
PB-0926-BAK,2026-09-26,Bakery,0.3,363.1,73.5,9.3
PB-0927-CHE,2026-09-27,Cheese,0.1,371.1,201.0,59.4
PB-0927-YOG,2026-09-27,Yoghurt,0.95,2408.7,86.6,26.4
PB-0927-ICE,2026-09-27,Ice Cream,0.55,1401.1,114.5,25.3
PB-0927-BAK,2026-09-27,Bakery,0.3,251.5,34.5,3.5
PB-0928-CHE,2026-09-28,Cheese,0.1,188.9,83.7,19.0
PB-0928-YOG,2026-09-28,Yoghurt,0.95,4876.3,224.6,35.1
PB-0928-BAK,2026-09-28,Bakery,0.3,377.4,90.8,32.7
PB-0929-CHE,2026-09-29,Cheese,0.1,204.4,140.9,53.7
PB-0929-YOG,2026-09-29,Yoghurt,0.95,2807.3,90.8,16.2
PB-0929-ICE,2026-09-29,Ice Cream,0.55,2025.2,216.9,80.3
PB-0930-CHE,2026-09-30,Cheese,0.1,232.6,85.4,30.3
PB-0930-YOG,2026-09-30,Yoghurt,0.95,2219.5,72.2,11.5
PB-0930-ICE,2026-09-30,Ice Cream,0.55,2735.6,273.3,102.0
